Name	MetricTons	ImportMetTons	ExportMetTons
Aabenraa	457298	457298	0
Aaheim	119270	119270	0
Aalborg	384392	384392	0
Aalesund	1287169	1287169	0
Aarhus	230319	230288	31
Abbot Point	258171	258171	0
Aberdeen	75377	75377	0
Abidjan	1409455	1200351	209104
Abonnema	103601	103601	0
Abu Dhabi	60716	57683	3033
Acajutla	4270409	29880	4240529
Accra	11986	0	11986
Achladi	30934	30934	0
Acu	592898	592898	0
Adabiya	303501	303501	0
Adelaide	4454	4094	361
Aden	126496	119228	7268
Agadir	8731	8521	210
Agioi Theodoroi	320060	295849	24210
Aguadulce	1131330	1131330	0
Ahus	81898	81898	0
Ajaccio	3043	0	3043
Ajman	50	0	50
Al Khums	109804	103521	6282
Alexandria	4322944	1219473	3103471
Algeciras	2823316	2593400	229916
Algiers	422165	421750	414
Aliaga	1425596	1072818	352777
Altagarcia (Maracaibo Area)	32822	32822	0
Altamira	1612066	81138	1530927
Alvik	53623	53623	0
Ambarli	206808	47900	158908
Amsterdam	46193503	19052481	27141022
Amuay Bay	24178744	21753323	2425421
Ancona	3392	0	3392
Angra Dos Reis	11392289	11389478	2811
Annaba	79	0	79
Anqing	3	0	3
Antalya	421430	421430	0
Antan Terminal	9308544	9308544	0
Antiparos 	83061	0	83061
Antofagasta	670170	19	670151
Antwerp	29675409	22467641	7207768
Anyer Terminal	16471	0	16471
Apapa	305881	276317	29564
Apia	1331	0	1331
Apra Harbour	62137	34943	27194
Aqaba	366530	25	366505
Aracaju	3269182	3269182	0
Aratu	378713	285384	93329
Argentia	27800	27800	0
Arica	1630665	1313729	316936
Arzew	43252752	43190490	62262
Ash Shihr	1265567	1265567	0
Ashdod	256790	192867	63923
Ashkelon	2822518	235814	2586704
Auckland	15607	54	15553
Augusta	3688233	3573242	114992
Aveiro	10	10	0
Aviles	353	353	0
Avonmouth	10	10	0
Bahia Blanca	869721	632141	237579
Bahia Las Minas	9837676	0	9837676
Bahrain	62733	60344	2388
Baie-Comeau	36712	36712	0
Bajo Grande	18043950	17954693	89257
Balao Terminal	1575512	1575512	0
Balboa	8238803	913429	7325374
Balhaf	1634671	1634671	0
Balikpapan	87792	87776	16
Balongan	87179	87179	0
Banana	87824	37959	49865
Bangka Marine Terminal	19	0	19
Bangkok	1829378	1746761	82617
Banias	2506913	2464572	42341
Banjarmasin	38672	38672	0
Banjul	16	0	16
Bantry	507810	484738	23072
Bar	77	0	77
Barahona	8510	50	8460
Barcelona	921395	146743	774652
Bari	105	0	105
Baria Serece	47	0	47
Barranquilla	978487	555140	423346
Basrah	26977111	26977111	0
Bata	128711	128711	0
Batam Island	18637	18584	52
Batangas	5195	5195	0
Batu Ampar	19	0	19
Batumi	1289911	1289841	70
Bayu Undan Offshore Terminal	86212	86212	0
Bayuquan (Yingkou New Port)	15027	0	15027
Becancour	105420	87153	18267
Bedi Bunder	14686	14686	0
Beihai	158302	153164	5139
Beilun	19	0	19
Beira	75501	0	75501
Beirut	3200558	0	3200558
Bejaia	22828731	22799051	29680
Belawan	25086	24517	569
Belem	271252	2166	269087
Belfast	97716	97677	39
Belize City	661824	2046	659778
Bell Bay	19	0	19
Belledune	60007	60007	0
Benghazi	590794	558817	31976
Benoa	258019	258019	0
Bergen	4872484	4872464	20
Bilbao	7232986	7000648	232338
Bin Qasim	1523	0	1523
Bintulu	319514	319489	25
Birkenhead	11409	0	11409
Bitung	15000	15000	0
Bizerte	1224741	1224700	41
Boma	94	0	94
Bonaire Terminal	8565038	8040737	524301
Bonga Offshore Terminal	1244204	1244204	0
Bonny Offshore Terminal	22811106	22722182	88924
Bordeaux	314823	0	314823
Botany Bay (Sydney Area)	752072	362233	389839
Bourgas	328068	328061	6
Braefoot Bay	419022	419022	0
Brake	48	0	48
Brass Terminal	9314023	9314023	0
Bremen	2596	228	2368
Bremerhaven	296211	225417	70794
Bridgetown	23439	469	22970
Brindisi	71597	66599	4998
Brisbane	559565	509264	50301
Brofjorden	3760447	3760447	0
Brunsbuttel	24766	11444	13321
Buenaventura	228203	20166	208037
Buenos Aires	7636060	1805732	5830329
Bullen Bay	10035325	9096080	939245
Bunbury	15	15	0
Busan	889977	475655	414322
Cabedelo	7118	34	7084
Cabinda	6686346	6686346	0
Cadiz Bay (Spain - incl. San Fernando)	59479	59469	10
Cagayan De Oro	58	0	58
Cagliari	88266	18332	69934
Cai Lan	33706	33117	589
Cai Mep	420	0	420
Calabar	1665	0	1665
Calcutta	628	0	628
Caldera (Chile)	71	0	71
Caleta Cordova	4033231	4033231	0
Caleta Olivia	69964	69964	0
Caleta Patillos	59282	59282	0
Callao	3667313	1127826	2539487
Campana	2278529	1093776	1184753
Campha	76750	76750	0
Canakkale	72963	0	72963
Caojing	8862	0	8862
Cap Haitien	546	9	537
Cape Finisterre	90029	90029	0
Cape Lopez	8726720	8726720	0
Cape Town	540140	349052	191088
Cardiff	37179	37179	0
Carenero	426726	426726	0
Cartagena (Col)	12494436	8396697	4097739
Casablanca	95743	15	95728
Castellon	1094345	384103	710242
Castries	85932	0	85932
Catania	6	0	6
Caucedo	252525	57668	194857
Cayos Arcas Terminal	280326877	279962650	364226
Cebu	597	0	597
Ceiba Marine Terminal (FPSO)	79415	79415	0
Ceuta	16039	16039	0
Ceyhan	15442175	15442175	0
Chaguaramas	78271	38	78233
Changshu	12989	0	12989
Changzhou	10504	0	10504
Charlotte Amalie	57	0	57
Chennai	856374	61982	794392
Chetumal	72649	72649	0
Chiba	3601477	1492425	2109052
Chiriqui Grande Terminal	8752215	8752215	0
Chittagong	269	20	249
Chiwan	512869	496693	16176
Chongqing	130	0	130
Chuuk Archipelago (Weno Island)	115	115	0
Cigading	402653	0	402653
Cilacap	132500	132500	0
Cinta Terminal	324097	324097	0
Ciudad Del Carmen	437259	315124	122135
Civitavecchia	151401	119	151282
Coatzacoalcos	40727087	35188525	5538562
Cochin	232370	101770	130599
Colombo	6205	327	5878
Colon	1512725	368080	1144645
Come By Chance	20679967	18772511	1907456
Comodoro Rivadavia	1569576	1569576	0
Conakry	270377	0	270377
Constantza	330989	232684	98305
Copenhagen	1061032	1060934	98
Coquimbo	39808	0	39808
Corinto	271299	172	271126
Cork	131901	91995	39906
Coronel	220379	2	220377
Cotonou	1863126	434719	1428406
Covenas Offshore Terminal	71235723	71131846	103877
Cozumel	33	33	0
Cristobal	6731616	235007	6496609
Crofton	66765	0	66765
Curacao	3545864	2953901	591962
Dachan Bay	157	0	157
Daesan	2638883	2561099	77784
Dagenham	67039	6	67033
Dahej	123434	0	123434
Dakar	480669	32964	447705
Dalian	43858	15195	28664
Damietta	9080511	8954358	126153
Dammam	222736	217269	5468
Dampier	961913	961913	0
Danang	467672	467554	117
Dar es Salaam	190	0	190
Davao	26198	2089	24108
Degrad des Cannes	791	0	791
Delfzijl	118067	118067	0
Derince	47164	0	47164
Dhamra	199504	199504	0
Diliskelesi	14	14	0
Djeno Terminal (FPSO)	8273527	8273527	0
Djibouti	133	0	133
Donges	1166945	1157385	9559
Dongguan	30295	0	30295
Dordrecht	3194	3194	0
Dortyol Oil Terminal	251311	122474	128837
Dos Bocas	59313872	59280043	33829
Douala	9007240	8925574	81666
Dover	315184	269966	45218
Drammen	3500	0	3500
Dubai	56723	27906	28817
Dublin	3144	0	3144
Dumai	5794917	5794917	0
Dundee	42078	8776	33302
Dunkirk	650421	454358	196063
Durban	720564	237739	482825
Durres	158	0	158
East London	20	0	20
Eastham	167628	89952	77675
Ebon	84561	84561	0
Ekonomiya	16225	16225	0
El Dekheila	974644	92183	882460
El Ferrol	31795	30081	1714
El Guamache	4542362	4542362	0
El Palito	5344088	2585198	2758890
El Tablazo	549189	356800	192389
Eleusis	163272	163272	0
Ellesmere Port	6015	60	5955
Emden	16377	8577	7800
Ensenada	148041	148041	0
Ensted	26999	26999	0
Eregli	3151110	3151110	0
Es Sider	1477423	1477423	0
Esbjerg	148563	0	148563
Escravos Oil Terminal	16086419	16086419	0
Esmeraldas	61355463	51718930	9636532
Etang de Berre	12558	12558	0
Falmouth	191009	185093	5917
Fangcheng	90432	90432	0
Fawley	10750173	10241588	508585
Felixstowe	197680	119216	78465
Feodosia	2107230	2107230	0
Finnart	14075	14075	0
Fiumicino	126112	126112	0
Flotta Terminal	4225720	4225720	0
Flushing	1430474	734903	695570
Forcados Oil Terminal	4496426	4481158	15268
Fortaleza	449824	350744	99080
Fort-De-France	1458049	110690	1347358
Fos	2610690	2130989	479701
Fredericia	1416242	1416162	80
Fredrikstad	823104	775468	47635
Freeport (Bah)	52511018	39052160	13458858
Freetown	23515	23389	126
Fremantle	274154	268428	5726
Fujairah	1916273	753620	1162653
Funchal	3	3	0
Fuzhou (Greater Area)	361	0	361
Gabes	6752	0	6752
Gaeta	208450	0	208450
Gamba	2831229	2831229	0
Gdansk	2637756	2637710	45
Gdynia	89001	88339	661
Gebze	169626	44478	125148
Geelong	92931	92431	501
Gemlik	1752911	1751090	1821
General San Martin	755975	755975	0
General Santos	15	0	15
Genoa	3959857	2448119	1511738
Georgetown (Cayman Islands)	255803	16075	239728
Georgetown (Guyana)	340373	29491	310882
Geraldton	35087	35087	0
Ghent	266759	252918	13841
Gibraltar	24614780	898981	23715799
Gijon	31990	3534	28456
Gioia Tauro	29210	3657	25553
Gladstone	12	12	0
Goteborg	3706206	3455585	250620
Grangemouth	71501	71395	107
Gravenchon	6308	0	6308
Guangzhou (incl. Huangpu and Nanhai)	169198	60124	109074
Guanta	126011035	125847358	163677
Guaranao	254145	241689	12456
Guayanilla	384166	49638	334529
Guayaquil	923613	153667	769945
Guaymas	177959	0	177959
Gustavia	60	0	60
Haifa	1060456	726481	333975
Haiphong	82634	81926	708
Hakata	311	74	237
Haldia	1066620	822074	244546
Halifax	1902982	1325378	577604
Hamble	398934	0	398934
Hamburg	3337646	953379	2384267
Hamilton (Bermuda)	598657	473734	124923
Hamina	92989	92989	0
Hammerfest	422536	422536	0
Hanko	41746	41746	0
Harwich	6084	0	6084
Havana	49508	0	49508
Hazira	67129	67129	0
Helsingborg	26	0	26
Helsinki	39157	38760	397
Hidd	19	0	19
Hitachi	216	216	0
Ho Chi Minh City	2094748	2084451	10297
Hobart	25140	0	25140
Hodeidah	874	121	753
Hong Kong	2518205	1747307	770898
Hound Point	14881215	14881215	0
Huangpu	127985	0	127985
Huasco	47488	0	47488
Huelva	1992019	1766451	225568
Huizhou	144406	38352	106055
Hull	39	39	0
Hunterston	58427	0	58427
Ijmuiden	40822	40822	0
Ilo	120403	103448	16954
Ilyichevsk	54612	54489	123
Imari	32621	0	32621
Imbituba	3402859	3402859	0
Immingham	9746398	9320410	425988
Inchon	325374	145517	179858
Inkoo	15273	15273	0
Ipswich	54	0	54
Iquique	840441	42845	797596
Iskenderun	6264005	6263453	553
Istanbul	1134496	335570	798925
Itaguai	15	0	15
Itajai	72873	619	72253
Itaqui	47983	34797	13186
Izmir	446589	181844	264745
Izmit	645375	638120	7255
Jakarta	328685	317305	11380
Jamnagar	3514770	3514770	0
Jebel Ali	1130262	877901	252361
Jebel Dhanna/Ruwais	42095	42095	0
Jeddah	558403	491539	66865
Jiangsu	94234	0	94234
Jiangyin	62573	0	62573
Jinzhou	11600	11600	0
Jorf Lasfar	339690	0	339690
Jose Terminal	175490790	172907995	2582794
Ju'aymah Crude & LPG Terminals	19725690	19725690	0
Jubail	2287736	2286831	905
Kakinada	58104	58104	0
Kaliningrad	32262	32119	143
Kalundborg	2654175	2568134	86041
Kandla	200745	92251	108494
Kaohsiung	2316939	1299960	1016979
Karachi	71767	54614	17153
Karimun	17312	17312	0
Karlshamn	2294521	2294521	0
Karsto	7453907	7409824	44083
Kashima	316022	48087	267935
Kawasaki	447773	268590	179182
Kazan	55112	55112	0
Keelung	117483	23456	94027
Kemi	9003	0	9003
Kerch (incl. Port Krym)	13367482	13367482	0
Kerteh Terminal	515696	515696	0
Khor Fakkan	22351	21033	1318
Killingholme	63919	0	63919
Kingsnorth	3874	0	3874
Kingston 	1798026	198798	1599228
Kirkenes	105793	105793	0
Kitimat	6150	0	6150
Klaipeda	7093477	7051304	42173
Kobe	685341	20496	664845
Koh Sichang	2018	0	2018
Koper	73725	0	73725
Korsakov	988647	988553	94
Kota Kinabalu	2082	0	2082
Kotka	47883	47172	710
Kozmino	1298475	1298475	0
Kralendijk	37	0	37
Kribi	13471305	13471305	0
Kristiansand	177	177	0
Kuantan	50572	18820	31753
Kuching	62	0	62
Kure	5641	5641	0
Kushiro	4698	0	4698
Kuwait City	609724	609131	593
Kwangyang	191418	88474	102944
Kwinana	13198	0	13198
La Coruna	1885649	1845002	40647
La Guaira	154932	64545	90388
La Pallice	328774	20	328754
La Plata	1693401	1402577	290824
La Spezia	37548	3504	34044
Labuan	102062	101641	421
Lae	28	0	28
Laem Chabang	1950781	1819330	131451
Lagos	19972646	17254471	2718175
Lahad Datu	2999	2999	0
Lalang Terminal	78069	78069	0
Lanshan	5327	0	5327
Larvik	17	0	17
Las Palmas	38887	26638	12248
Las Ventanas	16028	0	16028
Lavrion	66102	0	66102
Lazaro Cardenas	4608523	1291729	3316793
Le Havre	8656473	5821155	2835317
Le Verdon	18	0	18
Legaspi	990	990	0
Leghorn	321927	249598	72329
Leixoes	769163	762125	7038
Lianyungang	7699	2	7697
Libreville	148049	90988	57061
Liepaja	28454	28454	0
Limassol	739068	705495	33573
Lirquen	136	22	114
Lisbon	13865	13673	192
Liverpool (GB)	370266	302382	67885
Lobito	54933	51922	3011
Lome	1097727	88794	1008933
London	491685	390633	101052
Lorient	2065	2065	0
Los Angeles (incl San Pedro)	228	0	228
Luanda	7889933	7720393	169540
Luba	113428	112028	1399
Lucina Terminal	288420	288420	0
Lumut (Brunei)	16	0	16
Lyttelton	566	0	566
Maceio	283308	208574	74734
Madre Deus	350131	313356	36775
Magadan	97636	97636	0
Mailiao	1341087	1281450	59636
Malabo	8982995	8981096	1899
Malacca	236443	236443	0
Malaga	254	58	196
Malmo	4103032	3925017	178016
Malongo Terminal	464302	464296	6
Manaus	2025583	128	2025455
Manchester	13	13	0
Mangalore	9392	0	9392
Manila	31828	13	31815
Manta	105606	80669	24937
Manzanillo (Mex)	1996017	457	1995560
Manzanillo (Pan - MIT)	47266	25	47242
Map Ta Phut	192849	119944	72905
Maputo	40270	0	40270
Mar del Plata	4966	0	4966
Maracaibo	165778	123634	42145
Marsa al Hariga	541413	541413	0
Marsa el Brega	974142	974142	0
Marsaxlokk	3649436	2944008	705428
Masan	1104	1104	0
Matadi	178	11	167
Matarani	18	0	18
Mayaguez	40	40	0
Mazatlan	241172	0	241172
Mejillones	426317	0	426317
Melbourne	515627	355663	159964
Melilla	128072	128072	0
Merak Petroleum Base	120142	31760	88382
Mersin	2222283	800020	1422263
Middlesbrough	453315	453315	0
Milazzo	1092091	897364	194727
Milford Haven	2635149	2395227	239922
Milos Island	8811	8811	0
Mina Al Ahmadi	623662	623662	0
Mina Al Fahal	3892065	3891987	78
Mina Saud	4698825	4698825	0
Miri	55331	55308	22
Misurata	54642	54101	541
Mizushima	971907	55335	916572
Moerdijk	81374	36994	44380
Mohammedia	2213318	319732	1893586
Moin	4683744	55080	4628664
Moji	110	0	110
Mombasa	5805	0	5805
Moneypoint	306767	306767	0
Monfalcone	139787	139787	0
Mongstad	23598811	23565779	33031
Monrovia	1971	0	1971
Montevideo	633495	355065	278430
Montoir	53371	53371	0
Montreal	3567427	2806327	761100
Montrose	3	3	0
Mossel Bay	18599	18599	0
Motueka	131	0	131
Moudi Terminal	165091	165091	0
Muanda	330315	330315	0
Muara	183	0	183
Mumbai	1581781	173602	1408179
Mundra	1555531	524291	1031240
Murmansk	7247418	7166780	80638
Muroran	360767	100301	260466
Muuga-Port Of Tallinn	18768935	18768935	0
Nacala	46917	0	46917
Nagasaki	20000	20000	0
Nagoya	112359	40769	71590
Naha	156428	156198	230
Nakhodka	1995314	1995314	0
Namibe	8	0	8
Nanaimo	15116	0	15116
Nanjing	37347	31616	5731
Nanticoke	638144	524609	113535
Nantong	241395	591	240804
Naoetsu	3	0	3
Naples	266287	1261	265026
Narsaq	3	0	3
Nassau	2527323	664329	1862994
Navegantes	38560	28100	10460
Necochea	15449	0	15449
Nelson	59	0	59
New Mangalore	405387	405381	6
New Plymouth 	78618	78618	0
Nhava Sheva	32829	16	32814
Nigg Oil Terminal	4232429	4232429	0
Niigata	846755	0	846755
Ningbo and Zhoushan	177776	156766	21011
Norrkoping	91334	91334	0
Nouadhibou	469393	74221	395172
Nouakchott	159	19	140
Noumea	1701	0	1701
Novorossiysk	5921719	5834221	87498
Odense	35599	35599	0
Odessa	1713772	1712762	1010
Odudu Terminal	12736644	12736644	0
Oguendjo Terminal	410954	410954	0
Oita	1091863	623978	467886
Okono Tanker Terminal	374055	374055	0
Omoa Bay	1211780	0	1211780
Onne	2578376	2386918	191457
Onsan	1178609	1174148	4461
Oporto	242	0	242
Oran	8	0	8
Oranjestad (Aruba)	44122274	42734858	1387416
Osaka	450937	353324	97613
Oskarshamn	504442	504442	0
Oslo	521173	380160	141013
Oulu	39559	36511	3048
Oxelosund	1944693	1944693	0
Paita	191	151	40
Paiton	152027	152027	0
Paldiski-Port Of Tallinn	2066619	1986802	79816
Palembang	100	0	100
Palermo	216	56	160
Palma de Mallorca	30260	0	30260
Panama City (Panama)	3284550	477518	2807032
Panjang	59	0	59
Papeete	428	0	428
Paradip	7	0	7
Paranagua	412955	522	412434
Paranam	2089	15	2074
Pasir Gudang	141929	113913	28016
Pecem	78939	0	78939
Pembroke	14219729	13858149	361580
Penang	155183	154050	1133
Pennington Offshore Terminal	779626	779626	0
Perm	65373	65373	0
Petropavlovsk-Kamtchamkiy	61118	61118	0
Philipsburg	10510	118	10392
Phnom Penh	5	0	5
Piombino	24600	24600	0
Pipavav	40	40	0
Piraeus	612237	195758	416479
Pisco	2445721	2406251	39469
Ploce	6990	4919	2071
Pohang	39787	39787	0
Pohnpei	246	205	40
Point Fortin	30950393	30947810	2583
Point Lisas	1977527	1834795	142732
Pointe A Pitre	920542	31992	888550
Pointe Noire	1153423	1074498	78925
Ponce	18948	0	18948
Ponta Delgada	13297	6768	6529
Ponta Ubu	120370	120370	0
Porsgrunn	7020	7020	0
Port Alberni	74150	74150	0
Port Alma	15550	0	15550
Port Dickson	216642	0	216642
Port Elizabeth	469910	0	469910
Port Gentil	296041	295588	453
Port Harcourt	2898438	2746244	152194
Port Jerome	4573470	4272869	300602
Port Kamsar	2006883	2006764	120
Port Kelang	123371	91457	31914
Port Kembla	5350	40	5310
Port Moresby	33	0	33
Port of Spain	1207963	1073392	134572
Port Said	1009041	833097	175944
Port Sudan	28	10	18
Port Sultan Qaboos	354	0	354
Port Vila	259	0	259
Port-au-Prince	275419	55280	220140
Portbury	127	0	127
Porto Alegre	65991	60951	5040
Porto Praia	18	0	18
Porvoo	5930618	5534391	396228
Poti	180980	180045	935
Prigorodnoye (Sakhalin Island)	1439899	1439899	0
Primorsk	2857027	2857027	0
Prince Rupert	156494	156494	0
Progreso	170650	1	170649
Puerto Angamos	259	0	259
Puerto Armuelles	17303808	17303808	0
Puerto Barrios	447513	233	447280
Puerto Bolivar	1128064	10	1128054
Puerto Cabello	363039	151677	211362
Puerto Caldera	2257	0	2257
Puerto Cortes	8674138	1015	8673123
Puerto Limon (excl Moin)	3634165	3196046	438119
Puerto Madero	1031300	23035	1008265
Puerto Morelas	629681	629672	9
Puerto Ordaz	12016	12016	0
Puerto Plata	547495	23272	524222
Punta Arenas	135212	37442	97770
Punta Cardon	6893150	5616390	1276759
Pyongtaek	361383	244071	117312
Qingdao	171975	125910	46064
Qinhuangdao	587505	587490	16
Qua Iboe	24400781	24400781	0
Quebec	6848370	4355188	2493182
Quintero	12037434	745496	11291938
Rabigh	646913	646913	0
Rades	17	0	17
Ras Gharib	548721	548721	0
Ras Laffan	2785433	2785433	0
Ras Lanuf	6988239	6962628	25610
Ras Tanura	12787031	12787031	0
Rauma	289	0	289
Ravenna	900874	0	900874
Rayong	21505	21505	0
Recife	45136	35	45101
Reykjavik	99529	18663	80866
Rhodes	27281	27281	0
Richards Bay	676971	558923	118048
Richmond (California)	65785	65785	0
Riga	3984482	3892588	91894
Rijeka	273	41	233
Rio de Janeiro	5569618	3277598	2292020
Rio Grande	619280	559732	59548
Rio Haina	4654534	92970	4561564
Rizhao	48451	0	48451
Roadtown	4097695	4093541	4154
Roatan	44516	0	44516
Roberts Bank	20931	0	20931
Rocky Point	3268022	192	3267830
Rosario	9089	5035	4055
Rosarito Terminal	5188131	611895	4576235
Roseau	4302	0	4302
Rostock (excl Warnemunde)	82800	82800	0
Rota	15325	15325	0
Rotterdam	54230828	24922016	29308812
Rouen	460909	61807	399103
Ruwais	97968	0	97968
Safi	14	14	0
Sagunto	64604	0	64604
Sakaide	229777	229777	0
Sakata	14366	14366	0
Salalah	1436546	1432467	4079
Saldanha Bay	225834	225834	0
Salerno	356	67	289
Salina Cruz	10301266	10170936	130331
Salvador	3533353	3496273	37080
Samsun	39989	0	39989
San Antonio	1070454	513045	557410
San Juan	394147	232950	161197
San Lorenzo (Honduras)	570117	35	570082
San Lorenzo (Venezuela)	113438	113438	0
San Lorenzo-San Martin	1531090	519544	1011547
San Martin	43003	43003	0
San Nicolas ARG	439789	117244	322545
San Pedro (Ivory Coast)	1103716	510472	593244
San Vicente	1464020	505697	958322
Sandakan	14982	14982	0
Santa Cruz de Tenerife	133075	13385	119689
Santa Marta	1790715	267112	1523603
Santa Panagia Bay	2322334	2322334	0
Santan Terminal	211226	211226	0
Santander	132928	0	132928
Santarem	536428	536428	0
Santo Tomas de Castilla	6121984	4340966	1781018
Santos	7376950	1881676	5495274
Sao Francisco do Sul	157891	66828	91062
Sao Luis	4143657	0	4143657
Sao Sebastiao	1396265	1142848	253416
Sarnia	2292168	1926695	365473
Saulte Ste Marie	89450	89450	0
Savona	109609	73002	36608
Semarang	82237	0	82237
Sendai (Miyagi)	74591	39372	35218
Senipah Terminal	90060	90060	0
Sepetiba Bay	305	20	285
Seria	1932450	1932450	0
Sete	1081731	0	1081731
Setubal	66533	0	66533
Seven Islands	29828	29828	0
Seville	18	18	0
Sfax	28	0	28
Shanghai	969419	541715	427704
Shantou	74	0	74
Sharjah	74198	0	74198
Shekou	12324	556	11768
Shenzhen	30	0	30
Shibushi	746	0	746
Shimizu	10105	69	10036
Shimonoseki	29711	0	29711
Shimotsu	58972	58972	0
Shuaiba	200181	199760	422
Shuwaikh	33761	30338	3423
Sidi Kerir	10214989	10214989	0
Sihanoukville	202	0	202
Sikka	1172948	1172948	0
Sillamae	52842	52842	0
Sines	3192557	3065968	126589
Singapore	30517524	4188528	26328996
Siracusa	30356	30356	0
Skagen	893966	825465	68501
Skikda	33293131	33292681	450
Slagen	4394106	4288893	105213
Sohar	7628	3002	4627
Sokhna	34	0	34
Songkhla	588	0	588
Sorel	588215	556300	31916
South Riding Point	2917425	2907985	9440
South West Pass	710193	710193	0
Southampton	109171	58898	50272
Southwold	888533	888533	0
Soyo	24720089	24717340	2749
Sriracha Harbour	2729274	461500	2267774
St Croix	66590960	65489449	1101512
St Eustatius	10577258	844424	9732834
St George\'s	107338	818	106520
St John s (NF)	56427628	55877096	550532
St John\'s (Antigua)	1337143	1246444	90699
St Petersburg	9451151	9437354	13797
Stade	47145	34660	12486
Stavanger	530908	530408	500
Stenungsund	273535	130535	143000
Stigsnaesvaerkets Havn	267543	153008	114535
Stockholm	178367	80499	97868
Sture	1194120	1194120	0
Suape	10456249	9505388	950861
Subic Bay	20819	20818	1
Suez	687385	0	687385
Sullom Voe	13686190	13686190	0
Sundsvall	35675	35675	0
Sungai Udang	121209	121209	0
Supsa Marine Terminal	220616	220616	0
Surabaya	4302	12	4291
Swinoujscie	60238	60238	0
Szczecin	6516	6500	16
Tabaco	19	0	19
Taboguilla Island	1936692	50844	1885848
Taboneo	37582	37582	0
Taicang (Suzhou Port Area)	35005	0	35005
Taichung	232259	22295	209963
Taipei	53677	150	53527
Takamatsu	6	0	6
Takoradi	200	0	200
Talcahuano	8497	8497	0
Tallinn	21076301	20809271	267030
Tamatave	8	0	8
Tampico	6371156	5319161	1051996
Tanger Med	52	0	52
Tangier	554	0	554
Tanjong Pelepas	1311236	1301287	9949
Tanjung Bara CT	327781	259913	67868
Tanjung Perak	60560	60560	0
Taranto	224104	188955	35150
Tarragona	1705264	928362	776903
Tauranga	9804	1013	8791
Teesport	5389313	4933938	455375
Tela	1172470	256	1172214
Tema	838980	644142	194838
Ternate	132765	132765	0
Terneuzen	442668	199286	243383
Thames Haven	190463	0	190463
Thamesport	1888196	927364	960831
Thessaloniki	481953	52994	428958
Tianjin	1584063	208598	1375465
Tilbury	8931	1517	7414
Tobata	75686	0	75686
Tobruk	781803	781803	0
Tocopilla	53106	0	53106
Tokuyama (Shunan)	13154	13137	17
Tokyo	693691	98887	594804
Tomakomai	8217	7641	576
Topolobampo	314943	2086	312857
Toronto	47397	47397	0
Toulon la Seyne	33424	33424	0
Townsville	2046	0	2046
Trapani	89918	89918	0
Trieste	118894	21525	97369
Tripoli (Libya)	3596132	3566500	29632
Trombetas	498	498	0
Tromso	13	13	0
Tuapse	823744	823744	0
Tubarao	79056	79056	0
Tunis	35394	35281	113
Turbo	15151	0	15151
Turku	188375	188364	11
Tuticorin	226	2	223
Tuxpan	40423992	187131	40236861
Ukpokiti Marine Terminal (FPSO)	181832	181832	0
Ulsan	16594435	14466963	2127472
Umm Qasr	36348	35472	877
Umm Said (Doha Area)	91626	89848	1778
Ushuaia	15	0	15
Vado Ligure	27705	0	27705
Valencia	46420	4780	41640
Valletta	1088162	47592	1040570
Valparaiso	8521514	8417	8513097
Van Phong Bay	32281	32281	0
Vancouver	161809	85880	75929
Vancouver (Can)	31473342	19612786	11860556
Vanino	79686	79686	0
Varna	10912	45	10867
Venice	293241	281027	12214
Ventspils	8273409	8273409	0
Veracruz	2766147	1351315	1414832
Victoria (Canada)	861721	861721	0
Vieux Fort	116039	113504	2536
Vigo	277	18	259
Vila do Conde	20254	0	20254
Villagarcia de Arosa	18	18	0
Villanueva (Mindanao Island)	4812	4812	0
Visakhapatnam	66907	0	66907
Vitino	421064	421064	0
Vitoria	554300	473824	80476
Vladivostok	51681	47125	4557
Vlissingen	1014619	1014372	246
Volgograd	348651	348651	0
Vostochnyy	5036	4218	817
Vyborg	8944966	8944966	0
Vysotsk	438968	438968	0
Wakayama	789182	703820	85362
Walvis Bay	553809	0	553809
Warri	393341	390663	2678
Wellington	1355	0	1355
Wenzhou	71	0	71
Whiffen Head	46215667	46215667	0
Wilhelmshaven	9080512	8907876	172636
Willemstad	9216701	8851167	365534
Windsor	59266	24640	34627
Workington	32917	32917	0
Wuhan	734	0	734
Wuhu	231	0	231
Xiamen	184787	94075	90713
Xingang	126957	79443	47514
Yabucoa	709250	157982	551268
Yanbu	2431521	2430921	600
Yantai	59681	21	59660
Yantian	57833	46444	11389
Yarimca	108183	0	108183
Yeosu	16031007	11257683	4773324
Yingkou	53885	52811	1074
Yoho FSO	1125858	1125858	0
Yokkaichi	298420	259443	38976
Yokohama	543215	99786	443429
Yokosuka	97937	97937	0
Yuzhnyy	105714	105714	0
Zahrani Terminal	152182	0	152182
Zarate	272348	37113	235234
Zawia Terminal	398157	398157	0
Zeebrugge	57793	59	57734
Zhangjiagang	536908	60099	476808
Zhanjiang	99	0	99
Zhenjiang	236	0	236
Zhongshan	328314	327642	672
Zhoushan	454506	360023	94482
Zhuhai	436122	130125	305996
Zueitina	2040642	2040642	0
Zuhai	17	0	17
Albany-USA	628548	601307	27241
Anacortes	13304629	6574590	6730039
Anchorage	5784404	5784404	0
Astoria	10	10	0
Baltimore	14105329	12427138	1678191
Baton Rouge	42812916	30577040	12235875
Beaumont	70511672	52729029	17782642
Belfast	1135564	1135564	0
Benicia	10729670	10208429	521241
Boston	61660101	61585663	74438
Brunswick	74	25	49
Buffalo	7724	7724	0
Camden	195	146	49
Chalmette	7154825	0	7154825
Charleston	11140936	11084295	56641
Chicago (incl. Calumet River Area)	230339	198565	31773
Cleveland	368112	368112	0
Corpus Christi	162994037	137696879	25297158
Crockett	17427	0	17427
Destrehan	60938	60938	0
Detroit	75360	72437	2922
Duluth	30765	16	30749
El Segundo Terminal	22665425	22609836	55589
Everett	4059	0	4059
Fernandina Beach	8980	2707	6273
Ferndale	3022638	329820	2692818
Freeport (USA)	82730096	81003684	1726411
Galveston	17336688	15066147	2270541
Georgetown (Cayman Islands)	48000	48000	0
Gramercy	10422159	10421159	1000
Green Bay	122785	122785	0
Guayanilla	17301919	15162588	2139332
Gulfport	161199	5064	156135
Halifax	248	248	0
Honolulu	41512681	40147597	1365084
Houston	466786572	300331577	166454995
Jacksonville	21356432	21072451	283981
Kahului	54567	54567	0
Kalama	23964	23964	0
Kenai	264365	41523	222842
Kodiak	130696	130696	0
Lake Charles	140224936	130842840	9382096
Long Beach	101273305	95493742	5779563
Longview	55971	39976	15996
Los Angeles (incl San Pedro)	45602569	38556797	7045772
Martinez	17930232	16832779	1097453
Mayaguez	48993	48574	419
Miami	2808438	2506529	301910
Mobile	12051271	11376337	674933
Morehead	43804	43804	0
New Bedford	408052	408052	0
New Haven	14534528	14179022	355506
New London	349189	349189	0
New Orleans	110591409	86633250	23958159
New York	166194328	136805325	29389003
Newport News	13380604	13025071	355533
Norfolk	2746276	2313515	432761
Oakland	15747717	14058556	1689161
Orange	80168	80168	0
Palm Beach	564097	526942	37155
Panama City (US)	3123	965	2158
Pascagoula	111954430	94871753	17082677
Paulsboro	43833326	41512206	2321120
Perth Amboy	74681261	67581570	7099690
Philadelphia	177757239	172108230	5649009
Pittsburg	41243	41243	0
Point Comfort	1620574	74735	1545839
Ponce	10133975	10076960	57016
Port Arthur	135194423	119409153	15785270
Port Canaveral	4955170	4729242	225928
Port Everglades	30280801	29247581	1033221
Port Lavaca	2191966	2166854	25112
Portland (Maine)	111519965	111519965	0
Portland (US - Oregon)	2036276	1936548	99728
Portsmouth (New Hampshire)	4913475	4909475	4000
Prince Rupert	33798	33798	0
Richmond	1218	203	1015
Richmond (California)	34344439	28644450	5699989
Salem	366	114	252
San Diego	30417	30338	79
San Francisco	23143810	10781998	12361812
San Juan	21479886	21459253	20634
Sault Ste Marie (US)	199091	189622	9469
Savannah	35460650	34620494	840156
Seattle	837740	548714	289026
Selby (U.S.A.)	873251	833231	40020
South Louisiana Port	69215316	27550112	41665204
Stockton	186392	186392	0
Tacoma	3097687	2594603	503084
Tampa	2723890	2673697	50193
Texas City	77880477	62530813	15349664
Toledo	376979	75671	301308
Valdez	6950	6950	0
Vancouver	1046269	1046269	0
Vancouver (US)	235503	235503	0
Wilmington (Del.)	67281320	65522961	1758358
Wilmington (NC)	6782050	6778903	3147
Yabucoa	1871879	1026981	844898
